City_ID,City,Country,Lat,Lng,Max Temp,Humidity,Cloudiness,Wind Speed,Current Description
0,Aklavik,CA,68.2191,-135.0107,48.2,57,20,2.3,few clouds
1,College,US,64.8569,-147.8028,72.0,68,40,0.0,scattered clouds
2,Dingle,PH,10.9995,122.6711,76.12,94,100,4.81,light rain
3,Faanui,PF,-16.4833,-151.75,79.61,73,72,19.98,broken clouds
4,Hilo,US,19.7297,-155.09,83.62,64,1,4.61,clear sky
5,Vytegra,RU,61.0064,36.4481,66.78,80,51,2.21,broken clouds
6,Port Alfred,ZA,-33.5906,26.891,55.51,56,0,6.93,clear sky
7,Wamba,NG,8.9333,8.6,74.53,89,100,0.38,overcast clouds
8,Kodiak,US,57.79,-152.4072,56.71,77,90,3.44,overcast clouds
9,Tomatlan,MX,19.9333,-105.25,90.01,58,100,9.08,overcast clouds
10,Yinchuan,CN,38.4681,106.2731,79.86,50,70,4.43,broken clouds
11,Hamilton,US,39.1834,-84.5333,91.72,64,75,1.01,broken clouds
12,Rikitea,PF,-23.1203,-134.9692,73.09,73,11,9.4,few clouds
13,Ekibastuz,KZ,51.6667,75.3667,53.71,62,25,13.71,scattered clouds
14,Bluff,NZ,-46.6,168.3333,41.81,89,79,10.94,broken clouds
15,Kavaratti,IN,10.5669,72.642,82.49,79,100,22.41,light rain
16,Busselton,AU,-33.65,115.3333,54.09,76,100,14.41,overcast clouds
17,Port Shepstone,ZA,-30.7414,30.455,56.17,54,0,7.0,clear sky
18,Norman Wells,CA,65.282,-126.8329,46.44,57,75,12.66,broken clouds
19,Komsomolskiy,UZ,40.4272,71.7189,77.72,36,61,6.91,broken clouds
20,Rorvik,NO,64.8621,11.2373,57.31,72,75,20.71,broken clouds
21,Inhambane,MZ,-23.865,35.3833,62.58,72,0,4.61,clear sky
22,Ushuaia,AR,-54.8,-68.3,33.42,93,75,3.44,light snow
23,Adiake,CI,5.2863,-3.304,78.39,87,46,7.2,scattered clouds
24,Hermanus,ZA,-34.4187,19.2345,53.91,65,0,3.58,clear sky
25,Avarua,CK,-21.2078,-159.775,75.25,94,75,2.3,light intensity shower rain
26,Butaritari,KI,3.0707,172.7902,83.61,77,100,16.96,light rain
27,Tuktoyaktuk,CA,69.4541,-133.0374,41.0,75,75,12.66,broken clouds
28,Port Blair,IN,11.6667,92.75,81.57,78,100,13.0,overcast clouds
29,Gamba,GA,-2.65,10.0,71.35,82,88,8.52,overcast clouds
30,Albany,US,42.6001,-73.9662,87.67,68,57,1.99,broken clouds
31,Sao Felix Do Xingu,BR,-6.6447,-51.995,94.8,26,61,2.37,broken clouds
32,Pokhara,NP,28.2333,83.9833,72.45,90,99,1.97,overcast clouds
33,Krasnoarmeysk,RU,51.0239,45.6969,66.07,77,99,5.39,overcast clouds
34,Jackson,US,42.4165,-122.8345,88.16,38,1,5.75,clear sky
35,Port-Gentil,GA,-0.7193,8.7815,75.16,83,40,10.36,scattered clouds
36,Snezhnogorsk,RU,69.1933,33.2531,65.98,62,99,9.66,overcast clouds
37,Saint Anthony,US,45.0205,-93.218,83.8,40,1,1.99,clear sky
38,Mount Isa,AU,-20.7333,139.5,67.77,73,8,4.61,light rain
39,Zigong,CN,29.3416,104.7769,74.39,99,100,4.32,heavy intensity rain
40,Nizwa,OM,22.9333,57.5333,85.17,65,72,2.8,broken clouds
41,Svrljig,RS,43.4133,22.1211,75.87,95,48,5.59,light rain
42,Dalvik,IS,65.9702,-18.5286,60.73,79,93,5.73,overcast clouds
43,Vaini,TO,-21.2,-175.2,71.76,94,75,10.36,light intensity shower rain
44,Hay River,CA,60.8156,-115.7999,53.56,100,90,9.22,light rain
45,Tautira,PF,-17.7333,-149.15,80.62,80,99,15.08,light rain
46,Grand Gaube,MU,-20.0064,57.6608,72.0,71,2,4.0,clear sky
47,Ossora,RU,59.2353,163.0719,55.2,94,100,11.63,overcast clouds
48,Namibe,AO,-15.1961,12.1522,65.93,85,2,0.36,clear sky
49,Half Moon Bay,US,37.4636,-122.4286,84.81,70,20,9.22,few clouds
50,Atuona,PF,-9.8,-139.0333,77.52,75,25,26.62,light rain
51,Ostrovnoy,RU,68.0531,39.5131,52.39,90,9,8.77,clear sky
52,Northam,GB,51.0333,-4.2167,69.73,80,0,4.41,clear sky
53,Kapaa,US,22.0752,-159.319,79.12,75,75,1.99,light rain
54,Broken Hill,AU,-31.95,141.4333,49.71,62,40,14.97,scattered clouds
55,Srednekolymsk,RU,67.45,153.6833,54.72,48,0,4.43,clear sky
56,Bambous Virieux,MU,-20.3428,57.7575,71.85,73,75,12.66,light rain
57,Mayumba,GA,-3.432,10.6554,71.02,86,72,8.97,broken clouds
58,Mataura,NZ,-46.1927,168.8643,41.49,96,100,6.33,overcast clouds
59,Ponta Do Sol,PT,32.6667,-17.1,73.71,80,1,4.61,clear sky
60,Salamiyah,SY,35.0113,37.0532,77.58,55,0,10.67,clear sky
61,Swan River,CA,52.1058,-101.2676,90.25,24,28,9.1,scattered clouds
62,Akhnur,IN,32.8667,74.7333,86.9,60,98,4.52,overcast clouds
63,Harper,LR,4.375,-7.7169,76.68,79,100,9.01,overcast clouds
64,Carballo,ES,43.213,-8.691,72.82,79,40,8.81,scattered clouds
65,Castro,BR,-24.7911,-50.0119,66.38,57,100,8.19,overcast clouds
66,Praia,CV,14.9215,-23.5087,81.14,74,20,8.05,few clouds
67,Mar Del Plata,AR,-38.0023,-57.5575,55.42,65,0,4.0,clear sky
68,Lisakovsk,KZ,52.5369,62.4936,52.84,75,100,5.48,overcast clouds
69,Glyadyanskoye,RU,54.9075,65.0883,50.31,93,100,12.06,overcast clouds
70,Paulista,BR,-7.9408,-34.8731,76.86,81,9,10.65,clear sky
71,Cidreira,BR,-30.1811,-50.2056,58.69,90,100,15.79,overcast clouds
72,Sisimiut,GL,66.9395,-53.6735,52.81,59,18,7.9,few clouds
73,Gumdag,TM,39.2061,54.5906,82.0,26,34,4.7,scattered clouds
74,Yellowknife,CA,62.456,-114.3525,48.72,100,90,1.99,light intensity shower rain
75,Longyearbyen,SJ,78.2186,15.6401,44.44,87,75,2.3,broken clouds
76,Muli,MV,2.9167,73.5667,83.23,71,74,7.2,broken clouds
77,Araouane,ML,18.9048,-3.5265,99.07,25,14,9.55,few clouds
78,Bud,US,39.447,-86.1758,89.55,59,25,13.29,scattered clouds
79,Port Elizabeth,ZA,-33.918,25.5701,50.29,81,40,3.44,scattered clouds
80,Evanston,US,42.0411,-87.6901,81.1,78,75,1.99,broken clouds
81,Bredasdorp,ZA,-34.5322,20.0403,47.52,87,0,3.44,clear sky
82,Rundu,NA,-17.9333,19.7667,58.3,39,1,6.93,clear sky
83,Cape Town,ZA,-33.9258,18.4232,54.12,83,0,1.14,clear sky
84,Lagoa,PT,39.05,-27.9833,70.59,82,3,7.34,clear sky
85,Haines Junction,CA,60.7522,-137.5108,66.06,48,62,4.16,light rain
86,Hokitika,NZ,-42.7167,170.9667,55.98,95,100,25.39,moderate rain
87,Hobart,AU,-42.8794,147.3294,44.02,96,97,5.75,light rain
88,Buraydah,SA,26.326,43.975,100.85,13,100,10.0,overcast clouds
89,Salalah,OM,17.0151,54.0924,82.49,83,75,5.75,broken clouds
90,Sabang,ID,5.8933,95.3214,82.17,74,85,11.18,overcast clouds
91,Flin Flon,CA,54.7682,-101.865,84.04,39,75,9.22,haze
92,Salinas,US,36.6777,-121.6555,80.56,68,40,10.36,scattered clouds
93,Qaanaaq,GL,77.484,-69.3632,37.45,81,100,6.06,overcast clouds
94,Newport,GB,51.5877,-2.9984,71.85,72,8,6.87,clear sky
95,Sabak,MY,3.7675,100.9875,78.85,84,100,2.62,overcast clouds
96,New Norfolk,AU,-42.7826,147.0587,43.66,91,100,2.08,overcast clouds
97,Oktyabrskoye,RU,43.0645,44.7417,64.54,77,29,4.47,scattered clouds
98,Korla,CN,41.7597,86.1469,81.81,27,0,8.88,clear sky
99,Saint-Philippe,RE,-21.3585,55.7679,71.19,78,41,11.39,scattered clouds
100,Lompoc,US,34.6391,-120.4579,86.77,68,1,12.66,clear sky
101,Erbaa,TR,40.6689,36.5675,74.19,95,22,3.42,few clouds
102,Jatiroto,ID,-7.8833,111.1167,69.98,86,97,4.63,overcast clouds
103,Punta Arenas,CL,-53.15,-70.9167,37.51,100,90,5.75,light rain
104,Champerico,GT,14.3,-91.9167,93.76,70,54,5.28,broken clouds
105,Carnarvon,AU,-24.8667,113.6333,55.47,65,88,10.36,overcast clouds
106,Lasa,IT,46.6166,10.7002,59.74,94,100,3.02,overcast clouds
107,Barrow,US,71.2906,-156.7887,44.62,70,40,14.97,scattered clouds
108,Shingu,JP,33.7333,135.9833,72.91,94,100,5.73,overcast clouds
109,Nikolskoye,RU,59.7035,30.7861,76.89,84,17,2.84,few clouds
110,Alofi,NU,-19.0595,-169.9187,75.09,94,4,11.5,clear sky
111,Yamaranguila,HN,14.2833,-88.25,74.82,44,52,8.21,broken clouds
112,Nanortalik,GL,60.1432,-45.2371,47.32,78,20,12.19,few clouds
113,Dikson,RU,73.5069,80.5464,34.3,93,100,14.36,overcast clouds
114,Jiangkou,CN,25.4872,119.1986,82.29,86,100,9.06,overcast clouds
115,Sinnamary,GF,5.3833,-52.95,81.61,75,76,8.97,broken clouds
116,Provideniya,RU,64.3833,-173.3,46.51,87,75,17.9,mist
117,Georgetown,MY,5.4112,100.3354,82.89,87,20,5.99,light rain
118,Tocopilla,CL,-22.092,-70.1979,63.14,72,16,8.86,few clouds
119,Orodara,BF,10.9492,-4.9342,84.58,68,62,3.83,broken clouds
120,Suba,PH,10.8438,121.0102,80.22,86,100,21.0,moderate rain
121,Tilichiki,RU,60.4667,166.1,58.51,81,100,3.76,overcast clouds
122,Nhulunbuy,AU,-12.2333,136.7667,74.01,100,98,3.44,overcast clouds
123,Weihe,CN,32.9952,105.3247,66.56,95,100,4.32,overcast clouds
124,East London,ZA,-33.0153,27.9116,56.89,42,0,6.98,clear sky
125,Rio Pardo De Minas,BR,-15.6097,-42.5397,79.63,34,4,6.38,clear sky
126,Maceio,BR,-9.6658,-35.7353,74.64,94,75,8.05,mist
127,San Isidro,PE,-12.1167,-77.05,70.02,86,90,3.0,overcast clouds
128,Gillette,US,44.2911,-105.5022,87.82,23,1,1.01,clear sky
129,Kruisfontein,ZA,-34.0033,24.7314,44.89,56,32,4.92,scattered clouds
130,Victoria Point,AU,-27.5833,153.3,66.42,93,41,1.99,scattered clouds
131,Port Keats,AU,-14.25,129.55,70.29,59,100,2.73,overcast clouds
132,Kahului,US,20.8947,-156.47,84.97,71,40,21.85,scattered clouds
133,Sosnovo-Ozerskoye,RU,52.5249,111.5418,52.36,89,0,4.21,clear sky
134,Puerto Ayora,EC,-0.7393,-90.3518,78.76,86,52,5.99,broken clouds
135,Saint George,US,37.1041,-113.5841,94.62,41,9,3.0,clear sky
136,Bahia Blanca,AR,-38.7196,-62.2724,56.32,31,0,8.57,clear sky
137,Fortuna,US,40.5982,-124.1573,78.19,90,75,1.99,broken clouds
138,Ankang,CN,32.68,109.0172,75.33,98,100,1.86,overcast clouds
139,Fairbanks,US,64.8378,-147.7164,72.01,68,1,1.99,clear sky
140,Chokurdakh,RU,70.6333,147.9167,53.4,48,100,16.58,overcast clouds
141,Takoradi,GH,4.8845,-1.7554,76.91,83,100,9.37,overcast clouds
142,Geraldton,AU,-28.7667,114.6,52.21,93,40,8.05,scattered clouds
143,Grindavik,IS,63.8424,-22.4338,55.35,93,75,19.57,broken clouds
144,Te Anau,NZ,-45.4167,167.7167,44.2,94,96,2.04,overcast clouds
145,Tindwari,IN,25.6167,80.5333,91.36,50,88,10.83,overcast clouds
146,Valencia,ES,39.3333,-0.8333,73.02,72,2,4.99,clear sky
147,Lebu,CL,-37.6167,-73.65,54.1,71,91,5.93,overcast clouds
148,Sinjai,ID,-5.1241,120.253,74.39,87,100,2.73,overcast clouds
149,Victoria,HK,22.2855,114.1577,86.38,80,76,1.01,broken clouds
150,Kununurra,AU,-15.7667,128.7333,62.58,82,98,5.75,overcast clouds
151,Puerto Del Rosario,ES,28.5004,-13.8627,74.95,73,20,17.27,few clouds
152,Mahebourg,MU,-20.4081,57.7,71.89,73,75,12.66,light rain
153,Banjar,ID,-8.19,114.9675,78.66,85,20,6.17,few clouds
154,Yumen,CN,40.2833,97.2,74.84,38,0,4.9,clear sky
155,Bengkulu,ID,-3.8004,102.2655,75.69,83,100,3.94,overcast clouds
156,Aktau,KZ,43.65,51.2,75.78,41,0,9.17,clear sky
157,Batagay-Alyta,RU,67.8006,130.4114,50.92,57,0,3.98,clear sky
158,Bolshaya Sosnova,RU,57.6713,54.6029,58.8,86,58,4.7,broken clouds
159,Katsuura,JP,35.1333,140.3,79.11,93,100,3.69,overcast clouds
160,Hasaki,JP,35.7333,140.8333,75.6,93,95,5.01,overcast clouds
161,Kaeo,NZ,-35.1,173.7833,57.33,78,90,13.71,overcast clouds
162,Harsin,IR,34.2721,47.5861,81.41,21,0,3.02,clear sky
163,Da Nang,VN,16.0678,108.2208,82.38,83,20,2.3,few clouds
164,Murygino,RU,58.7383,49.4582,65.8,68,100,3.13,overcast clouds
165,Coahuayana,MX,18.7333,-103.6833,89.04,65,81,6.35,broken clouds
166,Ayr,GB,55.4627,-4.6339,68.99,72,0,11.5,clear sky
167,Pitimbu,BR,-7.4706,-34.8086,81.19,80,6,13.13,clear sky
168,Messina,IT,38.1933,15.5497,79.0,69,40,5.01,scattered clouds
169,Monrovia,LR,6.3005,-10.7969,78.57,80,82,8.84,broken clouds
170,Jamestown,US,42.097,-79.2353,83.52,61,20,7.0,few clouds
171,Sal Rei,CV,16.1833,-22.9167,79.0,73,75,13.8,broken clouds
172,Nishihara,JP,26.1842,127.7558,81.68,84,40,6.91,scattered clouds
173,Kaitangata,NZ,-46.2817,169.8464,46.02,95,100,10.8,overcast clouds
174,Sitka,US,57.0531,-135.33,57.09,77,90,4.61,light rain
175,Makakilo City,US,21.3469,-158.0858,81.61,60,1,12.66,haze
176,Severodvinsk,RU,64.5635,39.8302,53.71,90,3,5.99,clear sky
177,Garden City,US,42.3256,-83.331,86.14,60,40,1.01,scattered clouds
178,Gunnedah,AU,-30.9833,150.25,50.72,96,59,8.01,broken clouds
179,Oistins,BB,13.0667,-59.5333,86.09,70,40,21.85,scattered clouds
180,Winnipeg,CA,49.8844,-97.147,88.32,41,20,12.66,smoke
181,Bend,US,44.0582,-121.3153,87.24,19,1,1.99,clear sky
182,Atar,MR,20.5169,-13.0499,99.52,22,0,11.18,clear sky
183,Zhangye,CN,38.9342,100.4517,73.89,52,88,6.26,overcast clouds
184,Vila Franca Do Campo,PT,37.7167,-25.4333,72.01,71,49,2.66,scattered clouds
185,Cabo San Lucas,MX,22.8909,-109.9124,95.81,62,0,1.99,clear sky
186,Quatre Cocos,MU,-20.2078,57.7625,71.71,75,25,14.23,scattered clouds
187,Maniitsoq,GL,65.4167,-52.9,47.75,84,1,9.95,clear sky
188,Bethel,US,41.3712,-73.414,90.19,64,40,1.01,scattered clouds
189,Gatton,AU,-27.55,152.2833,71.53,82,45,8.79,scattered clouds
190,Qasigiannguit,GL,68.8193,-51.1922,46.65,80,81,3.69,broken clouds
191,Luanda,AO,-8.8368,13.2343,70.86,89,39,15.64,scattered clouds
192,Nome,US,64.5011,-165.4064,51.17,87,90,13.8,overcast clouds
193,Omboue,GA,-1.5746,9.2618,72.1,80,30,10.16,scattered clouds
194,Thompson,CA,55.7435,-97.8558,80.76,47,75,6.91,smoke
195,Marfino,RU,55.7028,37.3822,72.09,89,100,2.24,overcast clouds
196,Fort Nelson,CA,58.8053,-122.7002,58.59,55,75,12.66,broken clouds
197,Severo-Kurilsk,RU,50.6789,156.125,51.73,89,61,16.78,broken clouds
198,Saint-Michel-Des-Saints,CA,46.6834,-73.9159,80.94,55,100,11.54,overcast clouds
199,Noumea,NC,-22.2763,166.4572,69.01,99,33,1.66,scattered clouds
200,Beringovskiy,RU,63.05,179.3167,50.52,85,51,12.35,broken clouds
201,Upernavik,GL,72.7868,-56.1549,42.75,80,100,9.26,overcast clouds
202,Taoudenni,ML,22.6783,-3.9836,106.81,14,52,9.95,broken clouds
203,Turayf,SA,31.6725,38.6637,88.05,30,0,18.41,clear sky
204,Ayagoz,KZ,47.9714,80.4392,58.35,61,95,8.21,overcast clouds
205,Belaya Gora,RU,68.5333,146.4167,55.09,43,4,6.73,clear sky
206,Sumbe,AO,-11.2061,13.8437,70.5,88,41,8.61,scattered clouds
207,Kadhan,PK,24.481,68.9859,88.61,60,100,3.51,heavy intensity rain
208,Sfantu Gheorghe,RO,45.8667,25.7833,69.26,75,64,3.89,broken clouds
209,Chapais,CA,49.7834,-74.8492,56.98,97,100,5.06,overcast clouds
210,Qaqortoq,GL,60.7167,-46.0333,64.9,75,20,4.54,few clouds
211,Felanitx,ES,39.4696,3.1483,75.96,69,21,4.74,few clouds
212,Vila Velha,BR,-20.3297,-40.2925,76.95,78,20,14.97,few clouds
213,Tianpeng,CN,30.9866,103.9393,73.87,95,100,4.14,overcast clouds
214,Ketchikan,US,55.3422,-131.6461,57.67,77,90,9.22,overcast clouds
215,Rantepao,ID,-2.9701,119.8978,67.3,99,100,1.25,heavy intensity rain
216,Dombas,NO,62.0696,9.1235,57.0,67,2,7.36,clear sky
217,Sumkino,RU,58.1108,68.3244,50.45,97,100,10.94,overcast clouds
218,Dongsheng,CN,39.8161,109.9776,72.99,59,58,8.68,broken clouds
219,Marau,BR,-28.4492,-52.2,62.55,96,100,7.23,overcast clouds
220,Byron Bay,AU,-28.65,153.6167,69.69,90,34,13.02,scattered clouds
221,Kenai,US,60.5544,-151.2583,68.02,72,1,6.91,clear sky
222,Eureka,US,40.8021,-124.1637,60.21,83,74,5.99,broken clouds
223,Jining,CN,35.405,116.5814,75.76,93,65,5.19,light rain
224,Muzhi,RU,65.3667,64.6667,57.16,67,97,5.64,overcast clouds
225,Guerrero Negro,MX,27.9769,-114.0611,79.75,55,23,15.01,few clouds
226,Ahipara,NZ,-35.1667,173.1667,54.39,86,40,11.7,scattered clouds
227,Manakara,MG,-22.1333,48.0167,65.68,85,38,0.54,scattered clouds
228,Rawah,IQ,34.4816,41.9093,91.42,21,0,5.48,clear sky
229,Chapleau,CA,47.8405,-83.4034,69.89,64,90,9.22,overcast clouds
230,Kihei,US,20.785,-156.4656,84.97,73,40,21.85,scattered clouds
231,Upington,ZA,-28.4478,21.2561,46.78,18,0,1.14,clear sky
232,Talakan,RU,50.3167,130.3667,72.61,99,100,5.37,overcast clouds
233,Almaznyy,RU,48.0448,40.045,75.34,43,88,5.93,overcast clouds
234,Xinqing,CN,48.2333,129.5,71.6,98,98,4.32,overcast clouds
235,Male,MV,4.1748,73.5089,84.15,84,75,4.61,broken clouds
236,Evensk,RU,61.95,159.2333,60.8,76,12,2.35,few clouds
237,Husavik,IS,66.0449,-17.3389,60.71,74,1,5.99,clear sky
238,Itaituba,BR,-4.2761,-55.9836,91.56,58,40,5.75,scattered clouds
239,Shahgarh,IN,24.3167,79.1333,85.73,56,90,10.22,overcast clouds
240,Wajima,JP,37.4,136.9,75.43,84,92,5.28,overcast clouds
241,Isangel,VU,-19.55,169.2667,73.83,89,65,10.42,broken clouds
242,Bandarbeyla,SO,9.4942,50.8122,77.74,80,100,30.91,overcast clouds
243,Khatanga,RU,71.9667,102.5,48.42,82,100,5.1,light rain
244,Bathsheba,BB,13.2167,-59.5167,86.61,70,40,21.85,scattered clouds
245,Tiznit,MA,29.5833,-9.5,79.9,39,0,3.83,clear sky
246,Savannah Bight,HN,16.45,-85.85,84.99,75,19,9.84,few clouds
247,Toamasina,MG,-18.1667,49.3833,67.91,87,100,11.3,light rain
248,Esperance,AU,-33.8667,121.9,51.64,81,81,26.93,broken clouds
249,Kumluca,TR,36.3703,30.2869,88.12,37,0,7.65,clear sky
250,Narsaq,GL,60.9167,-46.05,64.62,56,9,4.81,clear sky
251,Hithadhoo,MV,-0.6,73.0833,82.2,76,72,10.8,broken clouds
252,Cairns,AU,-16.9167,145.7667,71.06,100,40,0.0,scattered clouds
253,Arraial Do Cabo,BR,-22.9661,-42.0278,82.36,61,40,9.22,scattered clouds
254,Bukama,CD,-9.2,25.85,73.78,33,9,2.82,clear sky
255,Aykhal,RU,66.0,111.5,51.06,59,0,5.68,clear sky
256,Bikaner,IN,28.0167,73.3,94.28,48,19,15.32,few clouds
257,Brae,GB,60.3964,-1.353,55.31,85,3,10.65,clear sky
258,Zeya,RU,53.75,127.2667,68.61,98,80,1.74,broken clouds
259,San Jose,US,37.3394,-121.895,85.08,49,20,8.05,few clouds
260,Biak,ID,-0.9131,122.8766,74.46,92,100,4.18,overcast clouds
261,Sao Filipe,CV,14.8961,-24.4956,74.59,84,33,7.54,scattered clouds
262,Najran,SA,17.4924,44.1277,90.25,33,100,8.43,overcast clouds
263,Roald,NO,62.5833,6.1333,60.12,77,75,12.66,broken clouds
264,Pietarsaari,FI,63.65,22.6833,70.47,66,84,11.59,broken clouds
265,Saskylakh,RU,71.9167,114.0833,51.53,63,92,15.57,overcast clouds
266,Funadhoo,MV,6.15,73.2667,82.9,77,99,11.59,overcast clouds
267,Cradock,ZA,-32.1642,25.6192,41.97,21,0,3.87,clear sky
268,Tiksi,RU,71.6872,128.8694,45.43,73,100,18.19,overcast clouds
269,Lakes Entrance,AU,-37.8811,147.981,49.57,69,100,9.15,overcast clouds
270,Vitre,FR,48.1178,-1.2058,69.62,86,2,7.49,clear sky
271,Lavrentiya,RU,65.5833,-171.0,55.65,70,41,11.63,scattered clouds
272,Maraa,BR,-1.8333,-65.3667,80.46,80,89,4.43,overcast clouds
273,Nantucket,US,41.2835,-70.0995,87.62,88,90,9.22,mist
274,Padang,ID,-0.9492,100.3543,74.95,71,40,4.23,scattered clouds
275,Tasiilaq,GL,65.6145,-37.6368,42.96,82,39,3.67,scattered clouds
276,Talnakh,RU,69.4865,88.3972,51.21,59,43,5.35,scattered clouds
277,Gushikawa,JP,26.3544,127.8686,81.63,88,20,6.91,few clouds
278,Broome,US,42.2506,-75.833,88.7,61,20,3.0,few clouds
279,Honiara,SB,-9.4333,159.95,77.54,80,10,8.21,clear sky
280,Mtambile,TZ,-5.3833,39.7,76.42,78,35,17.11,scattered clouds
281,Hobyo,SO,5.3505,48.5268,78.08,75,51,31.52,broken clouds
282,Hirara,JP,24.8,125.2833,83.16,77,100,11.83,overcast clouds
283,Hoganas,SE,56.1997,12.558,76.95,40,10,5.01,clear sky
284,Ballina,AU,-28.8667,153.5667,69.76,73,59,10.36,broken clouds
285,Sulangan,PH,11.1373,123.7228,82.29,76,100,9.31,light rain
286,Tifton,US,31.4505,-83.5085,91.2,64,75,6.91,broken clouds
287,Ancud,CL,-41.8697,-73.8203,47.73,88,100,13.67,moderate rain
288,Shahr-E Babak,IR,30.1165,55.1186,82.38,33,52,7.85,broken clouds
289,Pustoshka,RU,56.3355,29.369,70.99,74,37,1.48,scattered clouds
290,Chuy,UY,-33.6971,-53.4616,55.87,82,1,6.31,clear sky
291,Kyra,RU,49.5776,111.9753,56.17,80,71,4.29,broken clouds
292,Kailua,US,21.4022,-157.7394,83.07,71,11,18.52,few clouds
293,Airai,TL,-8.9266,125.4092,56.14,84,95,2.73,overcast clouds
294,Hammerfest,NO,70.6634,23.6821,50.45,93,75,10.36,light rain
295,Waddan,LY,29.1614,16.139,88.72,38,0,14.12,clear sky
296,Raudeberg,NO,61.9875,5.1352,58.6,82,38,9.48,scattered clouds
297,Coronado,US,32.6859,-117.1831,96.89,70,20,8.05,few clouds
298,Flinders,AU,-34.5833,150.8552,56.37,71,29,1.99,scattered clouds
299,Wahiawa,US,21.5028,-158.0236,79.79,66,75,14.97,haze
300,Torbay,CA,47.6666,-52.7314,75.88,55,20,24.16,few clouds
301,Mlimba,TZ,-8.8,35.8167,74.98,45,100,3.31,overcast clouds
302,Shimoda,JP,34.6667,138.95,75.58,89,99,6.82,overcast clouds
303,Endicott,US,42.0984,-76.0494,89.04,59,20,5.01,few clouds
304,Ayan,RU,56.45,138.1667,59.32,77,54,0.63,broken clouds
305,Suhbaatar,MN,50.2314,106.2078,66.7,78,79,2.73,broken clouds
306,Orlik,RU,52.5178,99.825,56.52,84,100,1.1,light rain
307,Saldanha,ZA,-33.0117,17.9442,46.45,60,0,7.09,clear sky
308,Saint Marys,US,30.7305,-81.5465,92.23,70,1,5.01,clear sky
309,Nagato,JP,34.3833,131.2,76.91,87,100,8.52,overcast clouds
310,Maltahohe,NA,-24.8333,16.9833,47.93,13,0,10.18,clear sky
311,Iqaluit,CA,63.7506,-68.5145,55.13,62,40,4.0,scattered clouds
312,Ribeira Grande,PT,38.5167,-28.7,73.8,83,40,4.61,scattered clouds
313,Dunedin,NZ,-45.8742,170.5036,48.79,94,100,3.0,light rain
314,Alice Springs,AU,-23.7,133.8833,49.55,53,1,6.91,clear sky
315,Sertania,BR,-8.0736,-37.2644,80.08,49,77,12.24,broken clouds
316,Bozeman,US,45.6796,-111.0386,89.02,23,1,1.01,clear sky
317,Malanje,AO,-9.5402,16.341,70.02,26,5,3.91,clear sky
318,Kajaani,FI,64.2273,27.7285,66.25,100,58,5.75,broken clouds
319,Chimbote,PE,-9.0853,-78.5783,67.98,72,13,11.41,few clouds
320,Margate,GB,51.3813,1.3862,66.33,84,27,4.0,scattered clouds
321,Kishi,NG,9.0833,3.85,74.86,87,100,5.14,overcast clouds
322,Souillac,MU,-20.5167,57.5167,71.98,73,75,12.66,light rain
323,Revelstoke,CA,50.9832,-118.2023,71.62,64,90,5.75,haze
324,Lagos,NG,6.5833,3.75,77.32,87,99,7.02,overcast clouds
325,Suntar,RU,62.1444,117.6319,54.32,71,100,5.17,overcast clouds
326,Homer,US,59.6425,-151.5483,68.07,74,1,4.61,clear sky
327,High Level,CA,58.5169,-117.136,59.11,77,90,3.44,overcast clouds
328,Puerto El Triunfo,SV,13.2833,-88.55,89.76,51,60,8.32,broken clouds
329,Podgorica,ME,42.4411,19.2636,80.38,50,0,5.75,clear sky
330,Raga,SS,8.4596,25.678,69.48,95,34,3.24,scattered clouds
331,Graaff-Reinet,ZA,-32.2522,24.5308,40.93,30,0,6.4,clear sky
332,Verkhnevilyuysk,RU,63.4453,120.3167,48.34,85,100,4.23,overcast clouds
333,Yuyao,CN,30.05,121.1494,83.79,88,100,6.46,overcast clouds
334,Krasnoselkup,RU,65.7,82.4667,55.87,60,100,16.67,light rain
335,Henties Bay,NA,-22.116,14.2845,60.85,53,0,7.16,clear sky
336,Paramonga,PE,-10.6667,-77.8333,67.08,74,24,11.32,few clouds
337,Yatou,CN,37.15,122.3833,74.97,95,100,10.29,moderate rain
338,Mahibadhoo,MV,3.7833,72.9667,82.56,76,100,10.71,overcast clouds
339,Chicama,PE,-7.8447,-79.1469,64.94,60,2,9.75,clear sky
340,Matara,LK,5.9485,80.5353,78.55,90,100,11.36,overcast clouds
341,Havre-Saint-Pierre,CA,50.2334,-63.5986,71.96,78,1,9.22,clear sky
342,Leningradskiy,RU,69.3833,178.4167,46.02,89,100,3.15,light rain
343,Hofn,IS,64.2539,-15.2082,49.87,90,100,0.69,overcast clouds
344,Guangyuan,CN,32.442,105.823,72.45,96,100,4.41,light rain
345,Pionerskiy,RU,54.9508,20.2275,73.24,87,24,5.39,few clouds
346,Palu,ID,-0.8917,119.8707,75.25,98,100,0.96,heavy intensity rain
347,Villa Carlos Paz,AR,-31.4241,-64.4978,63.9,29,0,4.0,clear sky
348,Kavieng,PG,-2.5744,150.7967,82.26,77,100,10.04,overcast clouds
349,Plettenberg Bay,ZA,-34.0527,23.3716,53.44,51,29,4.7,scattered clouds
350,Dire,ML,12.2833,-10.9667,72.82,89,100,5.93,light rain
351,Ormara,PK,25.2088,64.6357,85.12,82,100,8.79,heavy intensity rain
352,San Patricio,US,28.017,-97.5169,92.01,54,38,15.43,scattered clouds
353,Serra,BR,-20.1286,-40.3078,76.46,78,20,14.97,few clouds
354,Beira,MZ,-19.8436,34.8389,73.49,68,75,20.0,light rain
355,Changji,CN,44.0167,87.3167,81.39,36,0,6.71,clear sky
356,Boguchany,RU,58.3814,97.4531,61.57,94,79,4.29,broken clouds
357,Kichera,RU,55.9375,110.0997,59.0,96,97,0.72,overcast clouds
358,Ugoofaaru,MV,5.6667,73.0,83.25,76,94,11.61,overcast clouds
359,Nikel,RU,69.4128,30.222,68.18,58,100,17.38,light rain
360,Huesca,ES,42.1362,-0.4087,79.11,44,0,4.0,clear sky
361,Panguna,PG,-6.3164,155.4848,68.45,94,16,2.8,few clouds
362,Carutapera,BR,-1.195,-46.02,78.98,88,56,7.29,broken clouds
363,Lahad Datu,MY,5.0268,118.327,75.81,89,100,3.27,overcast clouds
364,Krasnorechenskiy,RU,44.6265,135.3532,67.32,96,79,1.99,broken clouds
365,Itarema,BR,-2.9248,-39.9167,81.61,72,63,15.28,broken clouds
366,Lorengau,PG,-2.0226,147.2712,82.0,79,88,8.72,overcast clouds
367,Salo,IT,45.6086,10.531,74.86,74,86,4.63,overcast clouds
368,Kyabram,AU,-36.3167,145.05,48.87,92,100,10.16,light rain
369,Trujillo,PE,-8.116,-79.03,66.16,82,90,10.36,overcast clouds
370,Awjilah,LY,29.1081,21.2869,85.3,41,0,21.23,clear sky
371,Rio Gallegos,AR,-51.6226,-69.2181,37.45,93,0,5.75,clear sky
372,Nicosia,CY,35.1667,33.3667,87.49,33,0,10.36,clear sky
373,Kaiyuan,CN,23.6977,103.3037,65.64,96,100,4.56,overcast clouds
374,Hutchinson,US,38.0608,-97.9298,79.2,83,90,8.05,overcast clouds
375,Egvekinot,RU,66.3167,-179.1667,43.0,96,100,8.7,overcast clouds
376,Thinadhoo,MV,0.5333,72.9333,82.4,75,40,9.84,scattered clouds
377,Ambilobe,MG,-13.2,49.05,66.27,79,76,3.51,broken clouds
378,Cherskiy,RU,68.75,161.3,43.59,73,100,11.9,overcast clouds
379,Namatanai,PG,-3.6667,152.4333,79.68,83,100,7.78,overcast clouds
380,Batemans Bay,AU,-35.7167,150.1833,52.2,84,13,6.04,few clouds
381,Soria,ES,41.6667,-2.6667,61.52,54,6,7.49,clear sky
382,Jardim,BR,-21.4803,-56.1381,85.28,36,59,4.54,broken clouds
383,Mount Gambier,AU,-37.8333,140.7667,46.31,93,100,11.5,light rain
384,Kanungu,UG,-0.9575,29.7897,61.81,91,88,2.95,light rain
385,Garowe,SO,8.4054,48.4845,83.79,32,100,21.54,overcast clouds
386,Hambantota,LK,6.1241,81.1185,79.48,81,100,14.88,overcast clouds
387,Merauke,ID,-8.4667,140.3333,76.73,94,100,9.57,overcast clouds
388,Natal,BR,-5.795,-35.2094,84.42,61,40,18.41,scattered clouds
389,Labrea,BR,-7.2586,-64.7981,96.57,30,34,2.73,scattered clouds
390,Borogontsy,RU,62.6683,131.1683,64.94,70,100,3.27,overcast clouds
391,Aleksandrovsk-Sakhalinskiy,RU,50.8975,142.1561,64.02,98,100,12.59,overcast clouds
392,Yurty,RU,56.0498,97.6348,61.09,96,18,1.79,few clouds
393,Praya,CV,14.9215,-23.5087,81.14,74,20,8.05,few clouds
394,Moyale,KE,3.5167,39.0584,71.42,55,99,9.48,overcast clouds
395,Potosi,BO,-19.5836,-65.7531,55.35,22,3,25.77,clear sky
396,Tupiza,BO,-21.45,-65.7167,67.21,13,2,28.79,clear sky
397,Sawtell,AU,-30.3833,153.1,62.62,92,90,9.22,overcast clouds
398,Baruun-Urt,MN,46.6806,113.2792,67.93,55,100,4.9,overcast clouds
399,Plouzane,FR,48.3833,-4.6167,69.89,82,90,6.91,overcast clouds
400,Vao,NC,-22.6667,167.4833,71.08,81,11,12.19,few clouds
401,Goderich,CA,43.7501,-81.7165,80.91,88,99,18.01,overcast clouds
402,Puerto Leguizamo,CO,-0.1934,-74.7819,86.13,53,87,3.65,overcast clouds
403,Baykit,RU,61.67,96.37,62.55,86,93,1.54,overcast clouds
404,Logrono,ES,42.4667,-2.45,69.3,52,0,3.44,clear sky
405,Shenjiamen,CN,29.9576,122.298,78.66,93,100,13.49,overcast clouds
406,Rawson,AR,-43.3002,-65.1023,52.75,41,86,13.94,overcast clouds
407,Banposh,IN,22.25,84.8,79.38,83,100,4.94,overcast clouds
408,Laguna,US,38.421,-121.4238,96.24,49,1,11.5,clear sky
409,Regina,CA,50.4501,-104.6178,91.42,37,20,9.22,smoke
410,Guadalajara,MX,20.6667,-103.3333,81.99,53,100,3.22,overcast clouds
411,Gbarnga,LR,6.9956,-9.4722,71.69,99,100,2.73,overcast clouds
412,Ligayan,PH,4.6533,119.4706,79.59,79,100,9.8,moderate rain
413,Clyde River,CA,70.4692,-68.5914,53.83,47,90,10.36,overcast clouds
414,Coquimbo,CL,-29.9533,-71.3436,56.93,76,20,12.66,few clouds
415,Kemijarvi,FI,66.7131,27.4306,64.09,93,100,8.99,overcast clouds
416,Altamira,BR,-3.2033,-52.2064,91.49,52,40,4.61,scattered clouds
417,Uray,RU,60.1247,64.7758,52.34,59,92,5.59,overcast clouds
418,Touros,BR,-5.1989,-35.4608,81.5,72,68,15.46,broken clouds
419,Xining,CN,36.6167,101.7667,56.19,85,10,2.44,clear sky
420,Hualmay,PE,-11.0964,-77.6139,67.15,72,15,12.06,few clouds
421,Batu Arang,MY,3.3167,101.4667,78.35,85,100,2.86,overcast clouds
422,Petatlan,MX,17.5167,-101.2667,89.4,60,94,5.75,overcast clouds
423,Zhezkazgan,KZ,47.8043,67.7144,64.27,29,19,1.41,few clouds
424,Nouadhibou,MR,20.931,-17.0347,73.38,78,84,10.36,broken clouds
425,Nola,IT,40.922,14.5329,76.15,69,0,4.47,clear sky
426,Atasu,KZ,48.6814,71.6433,55.17,55,3,8.08,clear sky
427,Williamsburg,US,37.2707,-76.7075,94.91,59,20,5.75,few clouds
428,Karoi,ZW,-16.8099,29.6925,57.16,68,79,5.48,broken clouds
429,Mandan,US,46.8267,-100.8896,91.38,33,20,10.0,smoke
430,Nabire,ID,-3.3667,135.4833,74.34,92,64,3.06,broken clouds
431,Banchory,GB,57.0517,-2.4882,64.09,82,54,4.47,broken clouds
432,Petropavlovsk-Kamchatskiy,RU,53.0452,158.6483,57.79,67,20,8.95,few clouds
433,Muisne,EC,0.6,-80.0333,77.74,79,72,10.76,broken clouds
434,Lyngseidet,NO,69.5763,20.2189,56.46,76,48,7.16,scattered clouds
435,Wewak,PG,-3.5534,143.6268,80.11,87,100,8.32,moderate rain
436,Conceicao Do Araguaia,BR,-8.2578,-49.2647,95.04,23,14,3.4,few clouds
437,Pevek,RU,69.7008,170.3133,35.17,96,100,14.36,overcast clouds
438,Fougeres,FR,48.35,-1.2,69.66,85,1,6.91,clear sky
439,Mehamn,NO,71.0357,27.8492,58.95,82,75,5.75,moderate rain
440,Zhigansk,RU,66.7697,123.3711,49.87,62,2,9.86,clear sky
441,Pizhma,RU,57.8642,47.1171,65.01,75,54,2.68,broken clouds
442,Honningsvag,NO,70.9821,25.9704,58.53,94,75,8.05,shower rain
443,Aksu,CN,41.1231,80.2644,72.19,52,88,4.61,moderate rain
444,Bonthe,SL,7.5264,-12.505,76.26,88,100,8.12,light rain
445,Yakeshi,CN,49.2833,120.7333,61.99,90,14,3.76,few clouds
446,Huancavelica,PE,-12.7667,-74.9833,52.57,36,16,8.9,few clouds
447,Sangar,RU,63.9242,127.4739,54.32,79,100,4.72,overcast clouds
448,Moroni,KM,-11.7022,43.2551,75.09,76,6,11.99,clear sky
449,Zhucheng,CN,35.9947,119.3975,73.22,99,100,7.4,overcast clouds
450,Southbridge,US,42.0751,-72.0334,90.34,56,82,3.0,broken clouds
451,Hudiksvall,SE,61.729,17.1036,65.1,56,93,11.54,overcast clouds
452,Anadyr,RU,64.75,177.4833,55.9,76,0,8.01,clear sky
453,Somerset West,ZA,-34.084,18.8211,54.07,56,0,3.96,clear sky
454,Sakakah,SA,29.9697,40.2064,96.37,18,0,11.43,clear sky
455,Ilhabela,BR,-23.7781,-45.3581,75.29,60,47,1.32,scattered clouds
456,Ixtapa,MX,20.7,-105.2,90.23,70,40,11.5,scattered clouds
457,Wanlaweyn,SO,2.6185,44.8938,73.56,80,99,16.35,overcast clouds
458,Hami,CN,42.8,93.45,84.06,32,0,4.47,clear sky
459,Los Llanos De Aridane,ES,28.6585,-17.9182,70.12,89,40,17.27,scattered clouds
460,Pundaguitan,PH,6.3711,126.1689,83.86,72,94,6.29,overcast clouds
461,Ilulissat,GL,69.2167,-51.1,46.42,71,20,6.91,few clouds
462,Tual,ID,-5.6667,132.75,80.17,81,100,11.21,overcast clouds
463,Pudozh,RU,61.8099,36.5345,67.5,78,20,4.07,few clouds
464,Brigantine,US,39.4101,-74.3646,94.26,71,1,11.5,clear sky
465,Liberal,US,37.0431,-100.921,85.51,57,1,4.61,clear sky
466,Santa Vitoria Do Palmar,BR,-33.5189,-53.3681,56.03,84,5,5.57,clear sky
467,Dwarka,IN,22.2394,68.9678,83.89,83,82,6.62,broken clouds
468,Constitucion,CL,-35.3333,-72.4167,56.32,70,0,13.35,clear sky
469,Mahalapye,BW,-23.1041,26.8142,56.34,72,100,8.05,overcast clouds
470,Tete,MZ,-16.1564,33.5867,71.69,60,75,11.99,broken clouds
471,Ploemeur,FR,47.7333,-3.4333,70.39,66,0,10.36,clear sky
472,Codrington,AU,-38.2667,141.9667,49.51,90,100,14.88,overcast clouds
473,Lerwick,GB,60.1545,-1.1494,55.4,84,2,9.8,clear sky
474,Mirnyy,RU,62.5353,113.9611,50.74,86,99,3.94,overcast clouds
475,Sandeid,NO,59.5449,5.8636,61.72,84,1,7.47,clear sky
476,Kankon,IN,15.0167,74.0167,77.95,88,99,13.53,overcast clouds
477,Muros,ES,42.7762,-9.0603,73.9,67,13,11.97,few clouds
478,Puerto Madero,MX,14.7208,-92.4215,84.9,67,31,5.88,scattered clouds
479,Denpasar,ID,-8.65,115.2167,78.46,83,40,9.22,scattered clouds
480,Olinda,BR,-8.0089,-34.8553,76.73,73,40,17.27,scattered clouds
481,Opunake,NZ,-39.4556,173.8583,55.35,80,100,24.36,overcast clouds
482,Sorland,NO,67.667,12.6934,51.87,88,100,41.72,light rain
483,Miraflores,MX,19.2167,-98.8083,70.21,81,93,1.63,overcast clouds
484,Comodoro Rivadavia,AR,-45.8667,-67.5,49.86,53,0,13.8,clear sky
485,Prince Rupert,CA,54.3161,-130.3201,59.09,77,90,5.75,overcast clouds
486,Nouakchott,MR,18.0858,-15.9785,78.73,83,62,12.77,broken clouds
487,Binabalian,PH,16.4202,119.9279,82.38,76,100,6.98,overcast clouds
488,Myanaung,MM,18.2833,95.3167,78.17,91,100,11.1,overcast clouds
489,Dolores,AR,-36.3132,-57.6792,53.22,59,0,7.18,clear sky
490,Kipushi,CD,-11.7667,27.2333,67.55,45,56,8.9,broken clouds
491,Xucheng,CN,20.35,110.1288,77.7,85,56,4.21,light rain
492,Samarai,PG,-10.6167,150.6667,79.7,87,10,10.78,clear sky
493,Saskatoon,CA,52.1168,-106.6345,94.15,24,40,8.99,light rain
494,Entre Rios,BR,-11.9419,-38.0844,73.04,79,13,6.96,few clouds
495,Wenchi,GH,7.7392,-2.1046,72.32,92,89,3.44,light rain
496,Cururupu,BR,-1.8283,-44.8683,82.24,68,83,5.59,broken clouds
497,Ramanuj Ganj,IN,23.8,83.7,78.3,78,98,4.63,overcast clouds
498,Viedma,AR,-40.8135,-62.9967,55.45,29,24,11.21,few clouds
499,Yeppoon,AU,-23.1333,150.7333,67.78,94,8,4.41,clear sky
500,Mishan,CN,45.55,131.8833,69.15,98,95,2.62,overcast clouds
501,Pskov,RU,57.8136,28.3496,73.31,94,40,0.0,scattered clouds
502,Smithers,CA,54.7804,-127.1743,64.72,48,75,2.3,broken clouds
503,Selenginsk,RU,52.0064,106.8647,59.41,68,95,5.35,overcast clouds
504,Port Lincoln,AU,-34.7333,135.8667,53.64,83,28,29.95,scattered clouds
505,Mitu,CO,1.1983,-70.1733,84.22,66,22,1.66,few clouds
506,Ndende,GA,-2.4008,11.3581,73.13,73,84,6.98,broken clouds
507,Nurota,UZ,40.5614,65.6886,75.29,23,98,15.48,overcast clouds
508,Tarakan,ID,3.3,117.6333,77.88,83,100,8.52,overcast clouds
509,Klaksvik,FO,62.2266,-6.589,52.72,97,98,20.2,overcast clouds
510,Pacifica,US,37.6138,-122.4869,80.74,80,20,4.0,few clouds
511,Viransehir,TR,37.2353,39.7631,86.13,30,12,21.43,few clouds
512,Bubaque,GW,11.2833,-15.8333,80.65,80,100,13.53,overcast clouds
513,Nichinan,JP,31.6,131.3667,75.76,85,100,10.11,light rain
514,La Ronge,CA,55.1001,-105.2842,84.42,45,90,8.05,smoke
515,Tuatapere,NZ,-46.1333,167.6833,41.83,95,59,5.79,broken clouds
516,Vrangel,RU,42.7297,133.0839,68.14,96,1,0.92,clear sky
517,Luderitz,NA,-26.6481,15.1594,58.57,46,0,9.06,clear sky
518,Mecca,SA,21.4267,39.8261,90.27,23,89,5.12,overcast clouds
519,Puerto Madryn,AR,-42.7692,-65.0385,52.5,42,83,10.65,broken clouds
520,Yerbogachen,RU,61.2767,108.0108,52.92,92,2,3.98,clear sky
521,Mantua,IT,45.1667,10.7833,75.81,75,100,1.01,overcast clouds
522,Trinidad,BO,-14.8333,-64.9,93.18,52,20,6.91,few clouds
523,Tongliao,CN,43.6125,122.2653,73.6,89,72,12.08,broken clouds
524,Vardo,NO,70.3705,31.1107,65.95,82,0,14.97,clear sky
525,Bimbo,CF,4.2567,18.4158,80.53,83,20,0.0,few clouds
526,Kolyubakino,RU,55.668,36.5323,72.03,96,100,4.09,overcast clouds
527,Canutama,BR,-6.5339,-64.3831,86.59,52,100,0.89,overcast clouds
528,Port Hedland,AU,-20.3167,118.5667,59.05,44,64,10.36,broken clouds
529,Playa Del Carmen,MX,20.6274,-87.0799,89.06,85,41,8.7,scattered clouds
530,Atlantic City,US,39.3643,-74.4229,94.24,64,1,11.5,clear sky
531,Vanimo,PG,-2.6741,141.3028,77.67,89,98,0.36,overcast clouds
532,Coihaique,CL,-45.5752,-72.0662,44.55,65,40,4.61,scattered clouds
533,Vagur,FO,61.4732,-6.8119,51.8,95,100,24.4,overcast clouds
534,Tuma,RU,55.148,40.5537,68.22,85,99,4.32,overcast clouds
535,Opuwo,NA,-18.0607,13.84,62.15,31,0,8.39,clear sky
536,Sibolga,ID,1.7427,98.7792,75.24,77,42,3.38,scattered clouds
537,Hunsur,IN,12.3075,76.2878,68.14,97,100,7.92,overcast clouds
538,Raja Jang,PK,31.2208,74.2519,86.13,57,36,9.66,scattered clouds
539,Pontes E Lacerda,BR,-15.2261,-59.3353,94.46,19,0,5.01,clear sky
540,Shubarshi,KZ,48.5872,57.1869,74.52,28,93,2.21,overcast clouds
541,Batagay,RU,67.6333,134.6333,53.89,48,6,2.53,clear sky
542,Vostok,RU,46.4856,135.8833,67.28,91,100,3.4,overcast clouds
543,Marquette,US,46.5333,-87.6335,69.76,56,0,9.64,clear sky
544,Okhotsk,RU,59.3833,143.3,59.65,77,100,9.55,overcast clouds
545,Luang Prabang,LA,19.8856,102.1347,72.32,99,93,1.88,overcast clouds
546,Rosetta,EG,31.4044,30.4164,80.42,81,0,12.24,clear sky
547,San Quintin,MX,30.4833,-115.95,74.66,68,3,12.82,clear sky
548,Pozo Colorado,PY,-23.4923,-58.7972,59.56,95,100,8.79,overcast clouds
549,Belle Fourche,US,44.6714,-103.8522,87.48,39,0,7.7,clear sky
550,Klyuchi,RU,52.2667,79.1667,53.44,82,99,6.78,overcast clouds
551,Shannon,IE,52.7039,-8.8642,64.4,82,90,6.91,overcast clouds
552,Zaysan,KZ,47.4667,84.8667,67.14,42,96,5.97,overcast clouds
553,Yulara,AU,-25.2406,130.9889,49.84,53,0,5.75,clear sky
554,Kelheim,DE,48.9167,11.8667,63.82,96,70,3.78,broken clouds
555,Tigil,RU,57.8,158.6667,48.38,98,100,2.86,overcast clouds
556,Kismayo,SO,-0.3582,42.5454,76.53,80,84,18.37,broken clouds
557,Nenjiang,CN,49.1833,125.2167,71.87,98,100,5.84,overcast clouds
558,Faya,SA,18.3851,42.4509,68.52,45,100,5.28,overcast clouds
559,Tshikapa,CD,-6.4167,20.8,75.88,26,63,2.64,broken clouds
560,Neiafu,TO,-18.65,-173.9833,74.08,94,75,6.91,light intensity shower rain
561,Dudinka,RU,69.4058,86.1778,49.64,67,52,4.52,broken clouds
562,Kjellerup,DK,56.2858,9.4353,69.31,77,0,9.22,clear sky
563,Mayo,US,38.8876,-76.5119,95.81,69,92,5.01,overcast clouds
564,Onguday,RU,50.75,86.15,51.24,71,27,3.15,scattered clouds
565,Thomastown,IE,52.5267,-7.1372,71.38,76,93,5.23,overcast clouds
566,Sao Luis De Montes Belos,BR,-16.525,-50.3722,84.65,22,0,2.64,clear sky
567,Altay,CN,47.8667,88.1167,63.99,52,26,5.91,scattered clouds
568,Kangaatsiaq,GL,68.3065,-53.4641,42.13,83,32,10.6,scattered clouds
569,Shirokiy,RU,49.758,129.523,72.25,97,100,5.77,overcast clouds
570,Hastings,GB,50.8552,0.5729,68.2,81,100,11.7,overcast clouds
571,Trairi,BR,-3.2778,-39.2689,79.3,78,50,11.59,scattered clouds
572,Bayan,CN,46.0833,127.4,74.12,94,7,7.27,clear sky
573,Yemelyanovo,RU,56.1681,92.6767,58.01,100,20,0.0,few clouds
574,Biloela,AU,-24.4167,150.5,61.29,95,0,5.88,clear sky
575,Auray,FR,47.6703,-2.9918,69.82,82,0,9.44,clear sky
576,Phangnga,TH,8.4509,98.5298,82.9,93,100,2.26,overcast clouds
577,Port-Cartier,CA,50.0334,-66.8654,68.22,66,95,12.44,overcast clouds
578,Makokou,GA,0.5738,12.8642,71.19,84,87,3.11,overcast clouds
579,Corrente,BR,-3.7367,-43.3394,86.9,53,91,1.79,overcast clouds
580,Tezu,IN,27.9167,96.1667,75.6,98,100,2.95,overcast clouds
581,Chara,RU,56.9064,118.2631,55.81,80,99,3.53,overcast clouds
582,Parsabad,IR,39.6482,47.9174,79.12,53,75,6.91,broken clouds
583,Saint-Pierre,RE,-21.3393,55.4781,71.28,70,20,17.27,few clouds
584,Benguela,AO,-12.5763,13.4055,69.76,89,24,4.18,few clouds
585,Sambava,MG,-14.2667,50.1667,68.81,82,100,11.34,overcast clouds
586,Aswan,EG,24.0934,32.907,92.19,16,4,9.95,clear sky
587,Karratha,AU,-20.7377,116.8463,64.92,34,37,16.89,scattered clouds
588,Puerto Ayacucho,VE,5.6639,-67.6236,84.0,74,78,2.8,broken clouds
589,Zistersdorf,AT,48.5333,16.75,74.44,61,100,10.71,overcast clouds
590,Marystown,CA,47.1666,-55.1483,63.23,69,100,13.8,overcast clouds
591,Yendi,GH,9.4427,-0.0099,80.47,69,85,4.54,overcast clouds
592,Clearwater,US,27.9659,-82.8001,94.1,66,1,3.0,clear sky
593,Borovoy,RU,55.4333,86.0833,56.48,82,0,4.47,clear sky
594,Gull Lake,CA,50.1001,-108.4847,88.16,16,68,13.29,broken clouds
595,Sampit,ID,-2.5333,112.95,72.79,92,100,2.39,overcast clouds
596,Storslett,NO,69.7678,21.0247,55.4,82,75,2.3,broken clouds
597,Asau,RO,46.4333,26.4,69.4,80,43,3.06,scattered clouds
598,Arlit,NE,18.7369,7.3853,99.52,9,61,13.0,broken clouds
599,Saint-Joseph,RE,-21.3667,55.6167,70.18,76,24,12.55,few clouds
600,Marawi,PH,7.9986,124.2928,64.65,96,100,0.96,overcast clouds
601,Giyani,ZA,-23.3025,30.7187,54.48,81,51,3.49,broken clouds
602,Kachiry,KZ,53.0675,76.1036,51.87,70,56,10.74,broken clouds
603,Mafeteng,LS,-29.823,27.2374,32.7,34,0,0.58,clear sky
604,Marsala,IT,37.7966,12.4352,76.95,69,0,8.05,clear sky
605,Koumac,NC,-20.5667,164.2833,70.61,82,96,4.59,overcast clouds
606,Bernay,FR,49.1667,0.6667,66.02,80,100,4.0,overcast clouds
607,Mandalgovi,MN,45.7625,106.2708,73.63,34,100,8.61,overcast clouds
608,Uspenka,UA,48.3903,39.1619,78.28,42,64,3.98,broken clouds
609,Ust-Ilimsk,RU,58.0006,102.6619,62.74,67,4,3.15,clear sky
610,Eldoret,KE,0.5204,35.2699,59.09,94,75,4.61,broken clouds
611,Valparaiso,CL,-33.0393,-71.6273,66.43,41,0,8.05,clear sky
612,Kouroussa,GN,10.65,-9.8833,77.38,80,94,6.87,overcast clouds
613,Buin,CL,-33.7333,-70.75,65.05,23,0,2.17,clear sky
614,Pacific Grove,US,36.6177,-121.9166,83.57,81,40,4.0,scattered clouds
615,Yunyang,CN,33.4474,112.7142,76.06,92,98,2.68,light rain
616,Pergamino,AR,-33.89,-60.5736,63.25,43,0,4.88,clear sky
617,Ngunguru,NZ,-35.6167,174.5,57.16,75,99,17.2,overcast clouds
618,Povorino,RU,51.1945,42.2457,69.84,69,46,3.87,scattered clouds
619,Kashi,CN,39.4547,75.9797,81.61,22,75,8.95,broken clouds
620,Catuday,PH,16.2923,119.8062,80.44,77,100,5.57,overcast clouds
621,Komatipoort,ZA,-25.4332,31.9548,55.8,75,20,1.7,few clouds
622,Tecoanapa,MX,16.5167,-98.75,85.69,66,87,10.47,overcast clouds
623,Ambon,ID,-3.6954,128.1814,78.35,88,92,6.35,overcast clouds
624,Colares,PT,38.7992,-9.4469,83.39,39,0,5.75,clear sky
625,Brokopondo,SR,4.75,-55.1667,82.36,71,100,6.82,overcast clouds
626,Urdoma,RU,61.7533,48.5442,61.45,98,100,3.4,light rain
627,Kasangulu,CD,-4.5911,15.1708,74.28,47,13,4.54,few clouds
628,Acapulco,MX,16.8634,-99.8901,85.35,69,58,5.39,broken clouds
629,Umm Lajj,SA,25.0213,37.2685,85.1,59,10,3.24,clear sky
630,Bharatpur,IN,27.2167,77.4833,93.61,44,13,12.71,few clouds
631,Mbale,UG,1.0821,34.175,65.21,89,94,3.33,overcast clouds
632,Jalu,LY,29.0331,21.5482,86.38,40,0,22.88,clear sky
633,Fukue,JP,32.6881,128.8419,78.82,77,58,4.45,broken clouds
634,Poya,NC,-21.35,165.15,67.37,91,67,3.27,broken clouds
635,Robertsport,LR,6.7533,-11.3686,78.53,78,83,11.07,broken clouds
636,Luganville,VU,-15.5333,167.1667,78.49,86,80,10.27,broken clouds
637,Florence,IT,43.7667,11.25,74.68,61,58,5.37,broken clouds
638,Aripuana,BR,-9.1667,-60.6333,95.94,23,1,1.36,clear sky
639,Dukat,RU,62.55,155.55,55.94,79,97,4.45,overcast clouds
640,Banda Aceh,ID,5.5577,95.3222,78.53,79,78,8.68,light rain
641,Penha,BR,-26.7694,-48.6458,73.27,64,0,11.5,clear sky
642,Hede,CN,33.7681,120.2517,76.35,97,100,10.16,overcast clouds
643,Rosarito,MX,32.3333,-117.0333,90.93,67,24,10.29,few clouds
644,Vestmanna,FO,62.1564,-7.1664,50.92,100,90,9.22,heavy intensity drizzle
645,Kargasok,RU,59.0556,80.8572,52.95,88,98,8.61,overcast clouds
646,Duzce,TR,40.8389,31.1639,70.43,81,0,3.22,clear sky
647,Road Town,VG,18.4167,-64.6167,86.04,70,40,11.5,scattered clouds
648,Nuuk,GL,64.1835,-51.7216,54.21,71,20,4.61,few clouds
649,Xam Nua,LA,20.4197,104.0439,66.45,99,68,2.08,broken clouds
650,San Cristobal,VE,7.7669,-72.225,87.98,44,59,7.47,broken clouds
651,Sao Gabriel Da Cachoeira,BR,-0.1303,-67.0892,85.8,70,40,2.3,scattered clouds
652,Mongu,ZM,-15.2484,23.1274,69.19,32,98,7.2,overcast clouds
653,Tranas,SE,58.0372,14.9782,77.58,70,50,3.96,scattered clouds
654,Port Hardy,CA,50.6996,-127.4199,59.18,77,75,5.75,broken clouds
655,Manbij,SY,36.5281,37.9549,88.57,28,0,19.48,clear sky
656,Belyy Yar,RU,53.6039,91.3903,64.29,88,0,8.95,light rain
657,Kathu,TH,7.9178,98.3332,82.69,83,100,1.5,overcast clouds
658,Chumikan,RU,54.7183,135.315,58.93,85,48,1.92,scattered clouds
659,Hua Hin,TH,12.5707,99.9588,82.0,75,99,6.87,overcast clouds
660,Svetlogorsk,BY,52.6333,29.7333,71.11,81,2,5.77,clear sky
661,Coari,BR,-4.085,-63.1414,81.93,72,100,3.18,overcast clouds
662,Ambanja,MG,-13.6833,48.45,68.23,81,37,3.71,scattered clouds
663,Ulundi,ZA,-28.3352,31.4162,49.19,90,0,1.88,clear sky
664,Olafsvik,IS,64.8945,-23.7142,50.02,95,100,16.78,overcast clouds
665,Loiza,PR,18.4313,-65.8802,89.82,66,40,18.41,scattered clouds
666,Agirish,RU,61.9247,63.0231,52.61,55,0,3.04,clear sky
667,Mukdahan,TH,16.5833,104.5,75.29,86,71,2.93,broken clouds
668,Iracoubo,GF,5.4802,-53.2011,81.07,77,71,9.01,broken clouds
669,Cayenne,GF,4.9333,-52.3333,82.09,81,75,3.0,broken clouds
670,Bilibino,RU,68.0546,166.4372,54.7,78,100,6.55,overcast clouds
671,Shakawe,BW,-18.3667,21.85,60.85,43,37,5.61,scattered clouds
672,Mina,MX,26.0011,-100.5299,91.26,33,94,13.29,overcast clouds
673,Isetskoye,RU,56.4858,65.3226,51.17,91,98,8.68,overcast clouds
674,Tonantins,BR,-2.8731,-67.8022,83.71,71,72,2.06,moderate rain
675,Payakumbuh,ID,-0.2202,100.6308,67.46,77,95,2.53,overcast clouds
676,Nogliki,RU,51.8333,143.1667,62.91,99,100,4.05,overcast clouds
677,Tessalit,ML,20.1986,1.0114,97.29,23,96,7.05,overcast clouds
